CntyName,DistName,Total SAT Score,COMMTYPE,Graduation Rate
Anderson County,Cayuga ISD,946,Rural,93.5
Anderson County,Elkhart ISD,943,Non-metropolitan Stable,98.6
Anderson County,Frankston ISD,845,Rural,100.0
Anderson County,Neches ISD,1107,Rural,94.3
Anderson County,Palestine ISD,895,Independent Town,89.2
Anderson County,Westwood ISD,907,Non-metropolitan Stable,95.3
Anderson County,Slocum ISD,1048,Rural,100.0
Andrews County,Andrews ISD,977,Other Central City Suburban,95.8
Angelina County,Pineywoods Community Academy,984,Non-metropolitan Stable,100.0
Angelina County,Hudson ISD,994,Independent Town,93.7
Angelina County,Lufkin ISD,952,Non-metropolitan Stable,92.5
Angelina County,Huntington ISD,953,Non-metropolitan Stable,93.2
Angelina County,Diboll ISD,880,Rural,96.9
Angelina County,Zavalla ISD,945,Non-metropolitan Stable,96.8
Angelina County,Central ISD,985,Independent Town,95.5
Aransas County,Aransas County ISD,946,Rural,88.5
Archer County,Archer City ISD,1012,Other Central City Suburban,100.0
Archer County,Holliday ISD,1039,Rural,100.0
Archer County,Windthorst ISD,1000,Rural,97.8
Armstrong County,Claude ISD,945,Rural,100.0
Atascosa County,Charlotte ISD,823,Non-metropolitan Fast Growing,86.7
Atascosa County,Jourdanton ISD,952,Non-metropolitan Stable,94.5
Atascosa County,Lytle ISD,894,Independent Town,91.2
Atascosa County,Pleasanton ISD,915,Non-metropolitan Stable,98.4
Atascosa County,Poteet ISD,896,Independent Town,92.0
Austin County,Bellville ISD,1022,Other Central City Suburban,97.8
Austin County,Sealy ISD,983,Rural,92.4
Austin County,Brazos ISD,893,Non-metropolitan Stable,95.1
Bailey County,Muleshoe ISD,980,Rural,98.8
Bandera County,Medina ISD,1044,Major Suburban,96.6
Bandera County,Bandera ISD,1026,Independent Town,94.4
Bastrop County,Bastrop ISD,927,Non-metropolitan Stable,93.7
Bastrop County,Elgin ISD,900,Non-metropolitan Stable,94.2
Bastrop County,Smithville ISD,960,Rural,96.3
Baylor County,Seymour ISD,NAN,Rural,95.0
Bee County,Beeville ISD,923,Independent Town,90.7
Bee County,Pettus ISD,903,Non-metropolitan Fast Growing,83.9
Bee County,Skidmore-Tynan ISD,983,Rural,93.5
Bell County,Richard Milburn Alter High School,849,Rural,35.5
Bell County,Priority Charter Schools,980,Non-metropolitan Fast Growing,90.3
Bell County,Orenda Charter School,998,Rural,96.1
Bell County,Academy ISD,1050,Other Central City Suburban,96.3
Bell County,Bartlett ISD,NAN,Rural,90.5
Bell County,Belton ISD,988,Other Central City,98.5
Bell County,Holland ISD,968,Non-metropolitan Stable,100.0
Bell County,Killeen ISD,939,Other Central City Suburban,88.3
Bell County,Rogers ISD,992,Other Central City Suburban,100.0
Bell County,Salado ISD,1019,Non-metropolitan Stable,99.1
Bell County,Temple ISD,972,Major Suburban,88.5
Bell County,Troy ISD,936,Major Suburban,98.1
Bexar County,Por Vida Academy,900,Major Suburban,43.0
Bexar County,George Gervin Academy,NAN,Non-metropolitan Stable,96.0
Bexar County,Higgs Carter King Gifted & Talente,655,Major Urban,100.0
Bexar County,School Of Excellence In Education,788,Major Suburban,93.8
Bexar County,Southwest Preparatory School,909,Non-metropolitan Stable,18.9
Bexar County,Radiance Academy Of Learning,930,Major Urban,100.0
Bexar County,Academy Of Careers And Technologie,873,Major Suburban,67.9
Bexar County,Shekinah Radiance Academy,NAN,Major Suburban,92.9
Bexar County,San Antonio School For Inquiry & C,930,Non-metropolitan Stable,99.1
Bexar County,Jubilee Academic Center,792,Non-metropolitan Stable,93.8
Bexar County,Kipp San Antonio,871,Major Urban,98.3
Bexar County,School Of Science And Technology,1040,Major Suburban,95.5
Bexar County,Harmony Science Acad (San Antonio),977,Major Suburban,100.0
Bexar County,Brooks Academy Of Science And Engi,930,Rural,92.1
Bexar County,School Of Science And Technology D,1005,Non-metropolitan Stable,96.3
Bexar County,City Center Health Careers,728,Rural,92.3
Bexar County,Henry Ford Academy Alameda School,840,Non-metropolitan Stable,83.6
Bexar County,Alamo Heights ISD,1100,Rural,98.3
Bexar County,Harlandale ISD,760,Rural,82.6
Bexar County,Edgewood ISD,797,Rural,88.4
Bexar County,Randolph Field ISD,1038,Rural,92.9
Bexar County,San Antonio ISD,803,Rural,91.6
Bexar County,South San Antonio ISD,847,Rural,93.8
Bexar County,Somerset ISD,829,Rural,92.3
Bexar County,North East ISD,1016,Rural,97.2
Bexar County,East Central ISD,914,Rural,100.0
Bexar County,Southwest ISD,766,Rural,95.4
Bexar County,Lackland ISD,1033,Non-metropolitan Stable,87.7
Bexar County,Ft Sam Houston ISD,990,Non-metropolitan Stable,92.5
Bexar County,Northside ISD,974,Independent Town,94.6
Bexar County,Judson ISD,852,Non-metropolitan Stable,98.5
Bexar County,Southside ISD,783,Rural,100.0
Blanco County,Johnson City ISD,958,Rural,98.4
Blanco County,Blanco ISD,965,Rural,97.1
Bosque County,Clifton ISD,1012,Non-metropolitan Stable,100.0
Bosque County,Meridian ISD,934,Rural,97.7
Bosque County,Morgan ISD,800,Rural,100.0
Bosque County,Valley Mills ISD,888,Major Suburban,100.0
Bosque County,Walnut Springs ISD,1005,Other Central City Suburban,92.9
Bosque County,Iredell ISD,931,Rural,80.0
Bosque County,Kopperl ISD,933,Other Central City,94.9
Bosque County,Cranfills Gap ISD,957,Other Central City Suburban,98.5
Bowie County,Dekalb ISD,1160,Other Central City Suburban,97.5
Bowie County,Maud ISD,NAN,Major Suburban,93.5
Bowie County,New Boston ISD,1147,Rural,100.0
Bowie County,Redwater ISD,1295,Other Central City,92.6
Bowie County,Texarkana ISD,1040,Other Central City,94.0
Bowie County,Liberty-Eylau ISD,930,Non-metropolitan Stable,95.2
Bowie County,Pleasant Grove ISD,1203,Rural,98.6
Brazoria County,Alvin ISD,962,Rural,96.6
Brazoria County,Angleton ISD,932,Rural,97.3
Brazoria County,Danbury ISD,953,Other Central City Suburban,95.9
Brazoria County,Brazosport ISD,988,Non-metropolitan Stable,89.4
Brazoria County,Sweeny ISD,983,Independent Town,97.6
Brazoria County,Columbia-Brazoria ISD,908,Rural,91.5
Brazoria County,Pearland ISD,1054,Rural,99.0
Brazos County,College Station ISD,1081,Rural,93.1
Brazos County,Bryan ISD,937,Rural,82.7
Brewster County,Alpine ISD,1000,Non-metropolitan Stable,100.0
Brewster County,Marathon ISD,945,Other Central City Suburban,95.7
Briscoe County,Silverton ISD,983,Rural,100.0
Brooks County,Brooks County ISD,NAN,Rural,100.0
Brown County,Bangs ISD,993,Other Central City Suburban,87.9
Brown County,Brownwood ISD,922,Independent Town,97.4
Brown County,Blanket ISD,NAN,Other Central City Suburban,94.7
Brown County,May ISD,1023,Independent Town,100.0
Brown County,Zephyr ISD,1035,Rural,100.0
Brown County,Brookesmith ISD,905,Non-metropolitan Stable,100.0
Brown County,Early ISD,1063,Rural,100.0
Burleson County,Caldwell ISD,983,Other Central City Suburban,98.8
Burleson County,Somerville ISD,849,Rural,95.8
Burleson County,Snook ISD,1057,Rural,87.5
Burnet County,Burnet CISD,917,Other Central City,87.2
Burnet County,Marble Falls ISD,991,Other Central City Suburban,95.9
Caldwell County,Lockhart ISD,859,Non-metropolitan Stable,91.6
Caldwell County,Luling ISD,898,Other Central City Suburban,91.2
Caldwell County,Prairie Lea ISD,917,Other Central City Suburban,94.4
Calhoun County,Calhoun County ISD,995,Non-metropolitan Stable,85.7
Callahan County,Cross Plains ISD,NAN,Other Central City Suburban,93.5
Callahan County,Clyde CISD,945,Rural,100.0
Callahan County,Eula ISD,945,Non-metropolitan Stable,98.9
Cameron County,University Of Texas At Brownsville,1101,Non-metropolitan Stable,85.0
Cameron County,Brownsville ISD,844,Non-metropolitan Stable,100.0
Cameron County,Harlingen CISD,910,Rural,91.7
Cameron County,La Feria ISD,925,Rural,90.6
Cameron County,Los Fresnos CISD,895,Rural,92.2
Cameron County,Point Isabel ISD,881,Independent Town,92.2
Cameron County,Rio Hondo ISD,844,Rural,93.2
Cameron County,San Benito CISD,856,Independent Town,97.0
Cameron County,Santa Maria ISD,732,Rural,91.8
Cameron County,South Texas ISD,1048,Rural,92.2
Camp County,Pittsburg ISD,911,Non-metropolitan Stable,95.9
Carson County,White Deer ISD,NAN,Rural,99.3
Cass County,Atlanta ISD,995,Other Central City Suburban,98.3
Cass County,Avinger ISD,NAN,Rural,100.0
Cass County,Hughes Springs ISD,1135,Rural,100.0
Cass County,Linden-Kildare CISD,NAN,Other Central City Suburban,100.0
Cass County,Queen City ISD,1067,Other Central City Suburban,96.4
Castro County,Dimmitt ISD,1183,Independent Town,100.0
Chambers County,Anahuac ISD,894,Rural,97.4
Chambers County,Barbers Hill ISD,1038,Independent Town,98.4
Chambers County,East Chambers ISD,910,Non-metropolitan Stable,90.5
Cherokee County,Alto ISD,901,Rural,100.0
Cherokee County,Jacksonville ISD,1047,Rural,100.0
Cherokee County,Rusk ISD,1031,Non-metropolitan Stable,100.0
Cherokee County,New Summerfield ISD,1067,Other Central City Suburban,91.7
Cherokee County,Wells ISD,847,Rural,100.0
Childress County,Childress ISD,NAN,Rural,96.7
Clay County,Henrietta ISD,1004,Rural,99.4
Clay County,Petrolia ISD,943,Rural,99.0
Clay County,Bellevue ISD,966,Rural,93.9
Cochran County,Morton ISD,NAN,Rural,86.6
Cochran County,Whiteface CISD,960,Rural,92.7
Coke County,Robert Lee ISD,NAN,Non-metropolitan Stable,95.1
Coleman County,Coleman ISD,1057,Rural,94.4
Coleman County,Santa Anna ISD,833,Rural,91.4
Coleman County,Panther Creek CISD,NAN,Other Central City Suburban,97.3
Collin County,Allen ISD,1113,Non-metropolitan Fast Growing,100.0
Collin County,Anna ISD,990,Non-metropolitan Fast Growing,100.0
Collin County,Celina ISD,1088,Non-metropolitan Stable,100.0
Collin County,Farmersville ISD,933,Other Central City,100.0
Collin County,Frisco ISD,1085,Other Central City Suburban,100.0
Collin County,McKinney ISD,1066,Non-metropolitan Fast Growing,100.0
Collin County,Melissa ISD,1068,Major Suburban,95.7
Collin County,Plano ISD,1156,Non-metropolitan Fast Growing,87.5
Collin County,Princeton ISD,943,Other Central City Suburban,100.0
Collin County,Prosper ISD,1064,Other Central City Suburban,85.7
Collin County,Wylie ISD,1001,Rural,97.8
Collin County,Blue Ridge ISD,1066,Non-metropolitan Stable,96.3
Collin County,Community ISD,923,Non-metropolitan Stable,98.3
Collin County,Lovejoy ISD,1134,Rural,92.6
Collingsworth County,Wellington ISD,915,Non-metropolitan Stable,98.2
Colorado County,Columbus ISD,930,Non-metropolitan Stable,98.2
Colorado County,Rice CISD,965,Rural,99.2
Colorado County,Weimar ISD,958,Other Central City,95.9
Comal County,Trinity Charter School,780,Major Suburban,95.3
Comal County,New Braunfels ISD,1023,Non-metropolitan Stable,99.1
Comal County,Comal ISD,1009,Rural,96.2
Comanche County,Comanche ISD,949,Rural,97.7
Comanche County,De Leon ISD,970,Rural,95.7
Comanche County,Gustine ISD,872,Rural,99.0
Comanche County,Sidney ISD,NAN,Rural,100.0
Concho County,Paint Rock ISD,1075,Independent Town,92.9
Cooke County,Gainesville ISD,943,Rural,95.8
Cooke County,Muenster ISD,1077,Non-metropolitan Fast Growing,95.2
Cooke County,Valley View ISD,976,Non-metropolitan Stable,0.0
Cooke County,Callisburg ISD,947,Rural,96.0
Cooke County,Era ISD,1014,Rural,97.1
Cooke County,Lindsay ISD,1033,Rural,100.0
Coryell County,Gatesville ISD,1039,Rural,97.3
Coryell County,Oglesby ISD,979,Independent Town,93.8
Coryell County,Jonesboro ISD,997,Other Central City Suburban,100.0
Coryell County,Copperas Cove ISD,956,Rural,100.0
Crane County,Crane ISD,920,Rural,100.0
Crockett County,Crockett County Consolidated CSD,865,Other Central City Suburban,94.2
Crosby County,Ralls ISD,918,Rural,100.0
Dallam County,Dalhart ISD,1013,Other Central City Suburban,100.0
Dallas County,Pegasus School Of Liberal Arts And,815,Rural,97.4
Dallas County,Uplift Education - North Hills Pre,1198,Rural,94.9
Dallas County,Texans Can Academies,741,Rural,100.0
Dallas County,Advantage Academy,818,Rural,100.0
Dallas County,Life School,875,Non-metropolitan Stable,96.8
Dallas County,Universal Academy,877,Rural,85.7
Dallas County,Faith Family Academy Of Oak Cliff,782,Major Suburban,92.9
Dallas County,Focus Learning Academy,774,Major Suburban,92.2
Dallas County,Winfree Academy Charter Schools,918,Major Urban,100.0
Dallas County,A+ Academy,811,Major Suburban,90.7
Dallas County,Gateway Charter Academy,727,Major Suburban,88.2
Dallas County,Alpha Charter School,575,Major Suburban,96.8
Dallas County,Evolution Academy Charter School,916,Major Suburban,95.0
Dallas County,Uplift Education - Peak Preparator,893,Major Suburban,93.9
Dallas County,Richland Collegiate High School,1067,Major Suburban,100.0
Dallas County,Uplift Education - Williams Prepar,941,Major Suburban,99.1
Dallas County,Uplift Education - Hampton Prepara,865,Major Suburban,100.0
Dallas County,International Leadership Of Texas,NAN,Major Suburban,100.0
Dallas County,Carrollton-Farmers Branch ISD,984,Non-metropolitan Fast Growing,98.1
Dallas County,Cedar Hill ISD,905,Major Suburban,50.9
Dallas County,Dallas ISD,799,Rural,100.0
Dallas County,Desoto ISD,821,Rural,97.9
Dallas County,Duncanville ISD,878,Non-metropolitan Stable,100.0
Dallas County,Garland ISD,957,Rural,0.0
Dallas County,Grand Prairie ISD,824,Other Central City Suburban,97.6
Dallas County,Highland Park ISD,1212,Rural,100.0
Dallas County,Irving ISD,840,Rural,27.0
Dallas County,Lancaster ISD,793,Rural,95.8
Dallas County,Mesquite ISD,899,Other Central City,96.7
Dallas County,Richardson ISD,1039,Major Suburban,58.9
Dallas County,Sunnyvale ISD,1064,Other Central City Suburban,29.9
Dallas County,Coppell ISD,1155,Other Central City Suburban,98.9
Dawson County,Lamesa ISD,836,Other Central City Suburban,94.3
Deaf Smith County,Hereford ISD,1095,Other Central City Suburban,92.5
Delta County,Cooper ISD,919,Other Central City Suburban,87.9
Denton County,University Of North Texas,1434,Other Central City Suburban,82.8
Denton County,Texas Education Centers,935,Other Central City Suburban,87.4
Denton County,Denton ISD,1000,Other Central City Suburban,91.7
Denton County,Lewisville ISD,1090,Other Central City Suburban,87.2
Denton County,Pilot Point ISD,980,Non-metropolitan Stable,97.2
Denton County,Krum ISD,975,Rural,93.7
Denton County,Ponder ISD,1049,Non-metropolitan Stable,98.2
Denton County,Aubrey ISD,1004,Rural,91.0
Denton County,Sanger ISD,973,Rural,91.2
Denton County,Argyle ISD,1107,Rural,98.1
Denton County,Northwest ISD,1030,Rural,99.7
Denton County,Lake Dallas ISD,1008,Rural,100.0
Denton County,Little Elm ISD,933,Other Central City Suburban,100.0
Dewitt County,Cuero ISD,905,Rural,95.6
Dewitt County,Nordheim ISD,883,Rural,100.0
Dewitt County,Yoakum ISD,1077,Rural,91.8
Dewitt County,Yorktown ISD,863,Non-metropolitan Stable,96.3
Dickens County,Spur ISD,NAN,Rural,93.8
Dimmit County,Carrizo Springs CISD,825,Rural,95.8
Duval County,San Diego ISD,862,Non-metropolitan Stable,96.6
Eastland County,Cisco ISD,1051,Rural,100.0
Eastland County,Eastland ISD,957,Rural,95.5
Eastland County,Gorman ISD,833,Rural,97.0
Eastland County,Ranger ISD,987,Other Central City,98.0
Eastland County,Rising Star ISD,NAN,Rural,97.0
Ector County,Ector County ISD,909,Rural,99.4
Ellis County,Waxahachie Faith Family Academy,860,Rural,93.5
Ellis County,Avalon ISD,942,Other Central City,98.4
Ellis County,Ennis ISD,959,Major Suburban,89.3
Ellis County,Ferris ISD,896,Rural,88.9
Ellis County,Italy ISD,1057,Other Central City,100.0
Ellis County,Midlothian ISD,1040,Rural,98.0
Ellis County,Palmer ISD,911,Other Central City Suburban,96.7
Ellis County,Red Oak ISD,937,Other Central City,93.3
Ellis County,Waxahachie ISD,1000,Other Central City,100.0
Ellis County,Maypearl ISD,1029,Other Central City Suburban,84.7
El Paso County,Burnham Wood Charter School Distri,960,Major Suburban,93.9
El Paso County,Paso Del Norte Academy Charter Dis,671,Major Urban,91.7
El Paso County,El Paso Academy,854,Non-metropolitan Stable,100.0
El Paso County,Harmony Science Acad (El Paso),976,Major Suburban,85.2
El Paso County,Clint ISD,785,Major Urban,89.1
El Paso County,El Paso ISD,855,Rural,98.7
El Paso County,Fabens ISD,806,Major Suburban,94.4
El Paso County,San Elizario ISD,804,Non-metropolitan Stable,92.3
El Paso County,Ysleta ISD,814,Major Urban,94.4
El Paso County,Anthony ISD,974,Rural,100.0
El Paso County,Canutillo ISD,874,Non-metropolitan Stable,87.6
El Paso County,Tornillo ISD,797,Independent Town,92.3
El Paso County,Socorro ISD,891,Rural,100.0
Erath County,Premier High Schools,896,Rural,91.1
Erath County,Erath Excels Academy Inc,903,Rural,100.0
Erath County,Dublin ISD,936,Rural,93.9
Erath County,Stephenville ISD,1019,Rural,95.5
Erath County,Huckabay ISD,940,Non-metropolitan Stable,97.7
Erath County,Lingleville ISD,891,Rural,91.6
Falls County,Chilton ISD,950,Rural,100.0
Falls County,Marlin ISD,840,Independent Town,98.5
Falls County,Rosebud-Lott ISD,839,Rural,97.1
Fannin County,Bonham ISD,959,Rural,88.9
Fannin County,Ector ISD,953,Rural,97.6
Fannin County,Honey Grove ISD,995,Rural,100.0
Fannin County,Leonard ISD,958,Rural,48.1
Fannin County,Savoy ISD,1019,Rural,49.6
Fannin County,Trenton ISD,1116,Rural,100.0
Fannin County,Sam Rayburn ISD,995,Rural,91.8
Fayette County,Flatonia ISD,971,Independent Town,83.6
Fayette County,La Grange ISD,1008,Rural,83.0
Fayette County,Schulenburg ISD,1007,Rural,89.5
Fayette County,Fayetteville ISD,1053,Rural,89.8
Fayette County,Round Top-Carmine ISD,1006,Rural,86.8
Fisher County,Roby CISD,NAN,Rural,91.0
Fisher County,Rotan ISD,NAN,Rural,96.2
Floyd County,Floydada ISD,755,Rural,90.6
Floyd County,Lockney ISD,935,Rural,53.6
Foard County,Crowell ISD,NAN,Other Central City,75.0
Fort Bend County,Lamar CISD,990,Other Central City Suburban,100.0
Fort Bend County,Needville ISD,1007,Major Suburban,95.2
Fort Bend County,Fort Bend ISD,1026,Non-metropolitan Stable,100.0
Fort Bend County,Stafford MSD,854,Non-metropolitan Stable,100.0
Franklin County,Mount Vernon ISD,1115,Non-metropolitan Stable,90.5
Freestone County,Fairfield ISD,969,Rural,84.5
Freestone County,Teague ISD,938,Rural,91.1
Freestone County,Wortham ISD,970,Non-metropolitan Stable,98.3
Frio County,Dilley ISD,857,Non-metropolitan Stable,100.0
Frio County,Pearsall ISD,912,Rural,95.0
Gaines County,Seagraves ISD,877,Rural,97.6
Gaines County,Seminole ISD,939,Non-metropolitan Stable,100.0
Galveston County,Premier Learning Academy,802,Other Central City,88.6
Galveston County,Dickinson ISD,943,Other Central City,97.5
Galveston County,Galveston ISD,915,Rural,96.6
Galveston County,High Island ISD,797,Other Central City Suburban,98.0
Galveston County,La Marque ISD,798,Other Central City Suburban,91.4
Galveston County,Texas City ISD,895,Other Central City Suburban,98.0
Galveston County,Hitchcock ISD,790,Other Central City Suburban,100.0
Galveston County,Santa Fe ISD,955,Major Suburban,100.0
Galveston County,Clear Creek ISD,1073,Non-metropolitan Stable,100.0
Galveston County,Friendswood ISD,1098,Non-metropolitan Stable,100.0
Gillespie County,Fredericksburg ISD,968,Rural,98.0
Gillespie County,Harper ISD,984,Independent Town,94.6
Glasscock County,Glasscock County ISD,NAN,Rural,100.0
Goliad County,Goliad ISD,935,Rural,92.8
Gonzales County,Gonzales ISD,944,Non-metropolitan Stable,94.2
Gonzales County,Nixon-Smiley CISD,965,Non-metropolitan Stable,94.4
Gonzales County,Waelder ISD,728,Non-metropolitan Stable,89.5
Gray County,Pampa ISD,941,Non-metropolitan Fast Growing,100.0
Grayson County,Bells ISD,967,Rural,95.7
Grayson County,Denison ISD,1040,Rural,97.5
Grayson County,Howe ISD,1024,Non-metropolitan Stable,96.9
Grayson County,Sherman ISD,1044,Rural,93.8
Grayson County,Van Alstyne ISD,1069,Rural,81.8
Grayson County,Whitesboro ISD,1003,Rural,86.4
Grayson County,Whitewright ISD,1004,Other Central City Suburban,100.0
Grayson County,Pottsboro ISD,1049,Other Central City Suburban,95.2
Grayson County,S And S CISD,969,Other Central City,88.5
Grayson County,Gunter ISD,1040,Non-metropolitan Fast Growing,93.3
Grayson County,Tom Bean ISD,971,Other Central City Suburban,100.0
Gregg County,East Texas Charter Schools,935,Other Central City Suburban,92.0
Gregg County,Gladewater ISD,1007,Rural,91.8
Gregg County,Kilgore ISD,953,Other Central City Suburban,88.8
Gregg County,Longview ISD,937,Rural,96.8
Gregg County,Pine Tree ISD,994,Rural,98.9
Gregg County,Sabine ISD,961,Rural,71.4
Gregg County,Spring Hill ISD,1088,Other Central City Suburban,100.0
Gregg County,White Oak ISD,986,Other Central City Suburban,94.2
Grimes County,Anderson-Shiro CISD,992,Other Central City,98.1
Grimes County,Iola ISD,980,Other Central City Suburban,100.0
Grimes County,Navasota ISD,916,Other Central City Suburban,99.0
Grimes County,Richards ISD,970,Other Central City Suburban,86.5
Guadalupe County,Seguin ISD,934,Other Central City Suburban,92.2
Guadalupe County,Schertz-Cibolo-U City ISD,1009,Independent Town,80.0
Guadalupe County,Navarro ISD,971,Rural,100.0
Guadalupe County,Marion ISD,945,Other Central City Suburban,100.0
Hale County,Abernathy ISD,995,Rural,96.1
Hale County,Hale Center ISD,917,Other Central City Suburban,98.0
Hale County,Petersburg ISD,1280,Other Central City,100.0
Hale County,Plainview ISD,982,Other Central City Suburban,89.9
Hamilton County,Hamilton ISD,995,Other Central City Suburban,97.4
Hamilton County,Hico ISD,977,Rural,94.4
Hansford County,Gruver ISD,1045,Rural,100.0
Hansford County,Spearman ISD,1240,Rural,97.2
Hardeman County,Chillicothe ISD,927,Rural,96.7
Hardeman County,Quanah ISD,NAN,Independent Town,98.9
Hardin County,Kountze ISD,913,Rural,94.2
Hardin County,Silsbee ISD,956,Rural,97.0
Hardin County,Hardin-Jefferson ISD,1025,Rural,97.7
Hardin County,Lumberton ISD,982,Rural,84.7
Hardin County,West Hardin County CISD,867,Rural,95.8
Harris County,Faith Christian Academy,860,Rural,95.2
Harris County,George I Sanchez Charter,773,Rural,94.2
Harris County,Girls & Boys Preparatory Academy,696,Rural,92.2
Harris County,Raul Yzaguirre School For Success,757,Rural,96.3
Harris County,Bay Area Charter Inc,873,Non-metropolitan Stable,97.2
Harris County,Kipp Inc Charter,863,Independent Town,99.1
Harris County,Houston Heights High School,775,Other Central City Suburban,98.4
Harris County,Jamie's House Charter School,NAN,Other Central City Suburban,94.9
Harris County,Houston Gateway Academy Inc,841,Rural,91.3
Harris County,Calvin Nelms Charter Schools,934,Major Suburban,85.7
Harris County,Southwest School,874,Major Suburban,91.5
Harris County,Yes Prep Public Schools Inc,956,Major Suburban,97.2
Harris County,Harmony Science Academy,926,Major Suburban,96.2
Harris County,Harmony School Of Excellence,1015,Major Suburban,100.0
Harris County,Harmony School Of Science - Housto,1033,Major Suburban,96.0
Harris County,Victory Prep,761,Major Suburban,100.0
Harris County,The Pro-Vision Academy,778,Major Suburban,93.3
Harris County,Aldine ISD,791,Major Urban,100.0
Harris County,Alief ISD,881,Major Suburban,87.4
Harris County,Channelview ISD,896,Major Suburban,100.0
Harris County,Crosby ISD,949,Major Suburban,100.0
Harris County,Cypress-Fairbanks ISD,1015,Major Suburban,100.0
Harris County,Deer Park ISD,975,Major Suburban,97.4
Harris County,Galena Park ISD,875,Major Suburban,97.1
Harris County,Goose Creek CISD,868,Major Suburban,100.0
Harris County,Houston ISD,848,Major Suburban,93.8
Harris County,Humble ISD,996,Major Suburban,100.0
Harris County,Katy ISD,1075,Non-metropolitan Stable,93.8
Harris County,Klein ISD,1018,Rural,97.5
Harris County,La Porte ISD,956,Independent Town,94.7
Harris County,Pasadena ISD,895,Non-metropolitan Stable,96.0
Harris County,Spring ISD,785,Other Central City Suburban,97.1
Harris County,Spring Branch ISD,1002,Rural,85.9
Harris County,Tomball ISD,1035,Non-metropolitan Stable,94.2
Harris County,Sheldon ISD,831,Rural,0.0
Harris County,Huffman ISD,967,Rural,94.2
Harrison County,Marshall ISD,887,Rural,87.2
Harrison County,Waskom ISD,1060,Rural,86.1
Harrison County,Hallsville ISD,973,Rural,90.9
Harrison County,Harleton ISD,1000,Other Central City,79.3
Harrison County,Elysian Fields ISD,840,Major Suburban,93.8
Hartley County,Hartley ISD,NAN,Other Central City Suburban,91.7
Haskell County,Haskell CISD,NAN,Major Suburban,98.7
Haskell County,Paint Creek ISD,NAN,Non-metropolitan Fast Growing,99.3
Hays County,Katherine Anne Porter School,996,Independent Town,82.9
Hays County,San Marcos CISD,940,Other Central City Suburban,91.7
Hays County,Dripping Springs ISD,1105,Rural,86.1
Hays County,Wimberley ISD,1088,Non-metropolitan Stable,92.5
Hays County,Hays CISD,970,Non-metropolitan Stable,92.7
Hemphill County,Canadian ISD,1017,Rural,90.1
Henderson County,Athens ISD,987,Rural,90.4
Henderson County,Brownsboro ISD,953,Rural,88.7
Henderson County,Cross Roads ISD,956,Other Central City Suburban,80.5
Henderson County,Eustace ISD,982,Other Central City Suburban,95.2
Henderson County,Malakoff ISD,957,Other Central City,94.0
Henderson County,Trinidad ISD,NAN,Other Central City Suburban,94.1
Henderson County,Lapoynor ISD,929,Other Central City,92.7
Hidalgo County,Ignite Public Schools And Communit,NAN,Other Central City Suburban,90.9
Hidalgo County,Idea Public Schools,898,Other Central City Suburban,85.7
Hidalgo County,Vanguard Academy,993,Other Central City,89.9
Hidalgo County,Donna ISD,945,Non-metropolitan Stable,96.6
Hidalgo County,Edcouch-Elsa ISD,843,Other Central City Suburban,88.6
Hidalgo County,Edinburg CISD,953,Other Central City,97.4
Hidalgo County,Hidalgo ISD,832,Other Central City Suburban,88.6
Hidalgo County,McAllen ISD,943,Rural,100.0
Hidalgo County,Mercedes ISD,884,Other Central City Suburban,99.1
Hidalgo County,Mission CISD,905,Other Central City Suburban,93.0
Hidalgo County,Pharr-San Juan-Alamo ISD,837,Rural,97.3
Hidalgo County,Progreso ISD,875,Rural,88.9
Hidalgo County,Sharyland ISD,947,Rural,100.0
Hidalgo County,La Joya ISD,876,Independent Town,96.6
Hidalgo County,Weslaco ISD,1000,Rural,100.0
Hidalgo County,La Villa ISD,922,Rural,100.0
Hidalgo County,Monte Alto ISD,886,Rural,90.0
Hidalgo County,Valley View ISD,910,Rural,89.1
Hill County,Abbott ISD,1066,Independent Town,98.1
Hill County,Bynum ISD,NAN,Rural,96.5
Hill County,Hillsboro ISD,904,Rural,88.5
Hill County,Hubbard ISD,1004,Rural,86.8
Hill County,Itasca ISD,894,Rural,95.0
Hill County,Mount Calm ISD,NAN,Non-metropolitan Stable,98.4
Hill County,Whitney ISD,1026,Rural,96.2
Hill County,Aquilla ISD,881,Non-metropolitan Fast Growing,94.9
Hill County,Blum ISD,980,Rural,97.6
Hill County,Penelope ISD,868,Rural,91.7
Hockley County,Anton ISD,NAN,Other Central City Suburban,95.8
Hockley County,Levelland ISD,924,Non-metropolitan Fast Growing,67.7
Hockley County,Ropes ISD,917,Independent Town,99.8
Hockley County,Smyer ISD,992,Independent Town,100.0
Hockley County,Sundown ISD,1042,Rural,82.7
Hockley County,Whitharral ISD,1173,Rural,90.6
Hood County,Granbury ISD,996,Rural,90.1
Hood County,Lipan ISD,1037,Rural,95.7
Hood County,Tolar ISD,1032,Rural,92.8
Hopkins County,Sulphur Springs ISD,1039,Rural,97.8
Hopkins County,Cumby ISD,869,Non-metropolitan Stable,88.7
Hopkins County,Miller Grove ISD,940,Rural,92.0
Hopkins County,Sulphur Bluff ISD,927,Rural,83.6
Houston County,Crockett ISD,832,Rural,97.0
Houston County,Grapeland ISD,799,Rural,86.1
Houston County,Lovelady ISD,884,Independent Town,90.8
Houston County,Latexo ISD,1008,Non-metropolitan Stable,95.2
Houston County,Kennard ISD,901,Rural,93.0
Howard County,Big Spring ISD,1075,Rural,95.1
Howard County,Coahoma ISD,1020,Rural,100.0
Howard County,Forsan ISD,983,Rural,100.0
Hudspeth County,Ft Hancock ISD,806,Non-metropolitan Stable,96.2
Hudspeth County,Sierra Blanca ISD,903,Rural,98.1
Hunt County,Phoenix Charter School,890,Non-metropolitan Stable,90.3
Hunt County,Caddo Mills ISD,1014,Independent Town,92.6
Hunt County,Celeste ISD,993,Non-metropolitan Stable,100.0
Hunt County,Commerce ISD,961,Other Central City Suburban,94.3
Hunt County,Greenville ISD,958,Rural,96.0
Hunt County,Lone Oak ISD,964,Rural,96.3
Hunt County,Quinlan ISD,964,Rural,87.5
Hunt County,Campbell ISD,938,Rural,93.8
Hunt County,Bland ISD,1008,Non-metropolitan Stable,83.9
Hunt County,Boles ISD,937,Rural,96.0
Hutchinson County,Borger ISD,981,Rural,100.0
Hutchinson County,Sanford-Fritch ISD,888,Rural,97.1
Hutchinson County,Plemons-Stinnett-Phillips CISD,NAN,Rural,92.3
Irion County,Irion County ISD,1128,Rural,95.5
Jack County,Bryson ISD,872,Non-metropolitan Stable,100.0
Jack County,Jacksboro ISD,946,Rural,100.0
Jack County,Perrin-Whitt CISD,1034,Non-metropolitan Stable,91.7
Jackson County,Edna ISD,933,Rural,88.0
Jackson County,Ganado ISD,NAN,Non-metropolitan Stable,97.3
Jackson County,Industrial ISD,1037,Rural,100.0
Jasper County,Brookeland ISD,987,Non-metropolitan Stable,98.1
Jasper County,Buna ISD,974,Independent Town,100.0
Jasper County,Jasper ISD,967,Non-metropolitan Stable,100.0
Jasper County,Kirbyville CISD,1160,Rural,94.3
Jasper County,Evadale ISD,874,Rural,95.0
Jeff Davis County,Ft Davis ISD,984,Rural,100.0
Jeff Davis County,Valentine ISD,800,Other Central City Suburban,100.0
Jefferson County,Texas Academy Of Leadership In The,1248,Other Central City Suburban,81.3
Jefferson County,Tekoa Academy Of Accelerated Studi,640,Other Central City Suburban,90.8
Jefferson County,Bob Hope School,798,Other Central City,96.6
Jefferson County,Nederland ISD,950,Rural,94.0
Jefferson County,Port Arthur ISD,831,Other Central City Suburban,91.4
Jefferson County,Port Neches-Groves ISD,985,Non-metropolitan Stable,100.0
Jefferson County,Beaumont ISD,889,Independent Town,100.0
Jefferson County,Sabine Pass ISD,923,Rural,97.0
Jefferson County,Hamshire-Fannett ISD,943,Non-metropolitan Stable,92.3
Jim Wells County,Alice ISD,967,Rural,96.6
Jim Wells County,Ben Bolt-Palito Blanco ISD,945,Rural,94.8
Jim Wells County,Orange Grove ISD,988,Other Central City Suburban,100.0
Johnson County,Alvarado ISD,918,Other Central City,86.0
Johnson County,Burleson ISD,988,Other Central City Suburban,97.6
Johnson County,Cleburne ISD,941,Non-metropolitan Stable,93.8
Johnson County,Grandview ISD,988,Other Central City Suburban,100.0
Johnson County,Joshua ISD,992,Non-metropolitan Fast Growing,97.9
Johnson County,Keene ISD,977,Rural,95.3
Johnson County,Rio Vista ISD,960,Other Central City Suburban,96.7
Johnson County,Venus ISD,898,Major Suburban,97.8
Johnson County,Godley ISD,980,Rural,100.0
Jones County,Anson ISD,1070,Rural,95.8
Jones County,Hamlin ISD,1095,Rural,100.0
Jones County,Hawley ISD,921,Rural,100.0
Jones County,Lueders-Avoca ISD,835,Rural,95.0
Jones County,Stamford ISD,NAN,Non-metropolitan Stable,94.1
Karnes County,Karnes City ISD,878,Non-metropolitan Fast Growing,100.0
Karnes County,Kenedy ISD,870,Rural,100.0
Karnes County,Runge ISD,NAN,Rural,100.0
Karnes County,Falls City ISD,986,Major Suburban,95.0
Kaufman County,Crandall ISD,960,Major Suburban,93.8
Kaufman County,Forney ISD,962,Other Central City Suburban,100.0
Kaufman County,Kaufman ISD,937,Other Central City Suburban,100.0
Kaufman County,Kemp ISD,920,Other Central City Suburban,77.8
Kaufman County,Mabank ISD,979,Other Central City,100.0
Kaufman County,Terrell ISD,893,Other Central City Suburban,95.5
Kaufman County,Scurry-Rosser ISD,940,Major Suburban,79.7
Kendall County,Meadowland Charter School,NAN,Independent Town,95.1
Kendall County,Boerne ISD,1050,Rural,85.2
Kendall County,Comfort ISD,971,Rural,100.0
Kerr County,Center Point ISD,909,Rural,100.0
Kerr County,Kerrville ISD,1016,Independent Town,84.8
Kerr County,Ingram ISD,874,Non-metropolitan Stable,87.3
Kimble County,Junction ISD,859,Rural,86.8
Kinney County,Brackett ISD,934,Rural,98.0
Kleberg County,Kingsville ISD,887,Rural,93.3
Kleberg County,Riviera ISD,833,Independent Town,97.1
Kleberg County,Santa Gertrudis ISD,981,Rural,95.8
Knox County,Knox City-O'Brien CISD,NAN,Rural,91.9
Knox County,Munday CISD,NAN,Non-metropolitan Fast Growing,97.9
Lamar County,Chisum ISD,933,Rural,95.1
Lamar County,Roxton ISD,NAN,Rural,92.1
Lamar County,Paris ISD,1049,Rural,96.2
Lamar County,North Lamar ISD,980,Non-metropolitan Stable,89.4
Lamar County,Prairiland ISD,952,Rural,94.3
Lamb County,Littlefield ISD,884,Independent Town,95.0
Lamb County,Olton ISD,NAN,Independent Town,90.6
Lamb County,Sudan ISD,NAN,Non-metropolitan Stable,98.0
Lampasas County,Lampasas ISD,1009,Rural,100.0
Lampasas County,Lometa ISD,814,Non-metropolitan Stable,97.6
La Salle County,Cotulla ISD,836,Rural,100.0
Lavaca County,Hallettsville ISD,1033,Rural,87.8
Lavaca County,Moulton ISD,990,Rural,100.0
Lavaca County,Shiner ISD,974,Other Central City Suburban,100.0
Lee County,Giddings ISD,983,Rural,99.1
Lee County,Lexington ISD,933,Other Central City Suburban,97.6
Lee County,Dime Box ISD,1040,Non-metropolitan Fast Growing,79.1
Leon County,Buffalo ISD,909,Rural,89.5
Leon County,Centerville ISD,894,Rural,91.8
Leon County,Normangee ISD,937,Rural,87.2
Leon County,Oakwood ISD,698,Rural,100.0
Leon County,Leon ISD,929,Rural,68.8
Liberty County,Cleveland ISD,799,Non-metropolitan Stable,99.3
Liberty County,Dayton ISD,917,Non-metropolitan Stable,98.5
Liberty County,Hardin ISD,896,Rural,90.0
Liberty County,Hull-Daisetta ISD,900,Non-metropolitan Stable,95.7
Liberty County,Liberty ISD,908,Rural,95.4
Liberty County,Tarkington ISD,957,Rural,94.1
Limestone County,Coolidge ISD,700,Rural,98.1
Limestone County,Groesbeck ISD,924,Rural,100.0
Limestone County,Mexia ISD,920,Other Central City Suburban,93.0
Live Oak County,George West ISD,923,Independent Town,86.1
Live Oak County,Three Rivers ISD,1028,Rural,91.7
Llano County,Llano ISD,1011,Non-metropolitan Stable,97.6
Lubbock County,Texas Tech University High School,1106,Rural,95.8
Lubbock County,South Plains Academy Charter Distr,748,Non-metropolitan Stable,100.0
Lubbock County,Lubbock ISD,876,Non-metropolitan Stable,97.1
Lubbock County,New Deal ISD,974,Rural,100.0
Lubbock County,Slaton ISD,932,Non-metropolitan Stable,93.3
Lubbock County,Lubbock-Cooper ISD,973,Non-metropolitan Stable,92.4
Lubbock County,Frenship ISD,1001,Rural,98.4
Lubbock County,Roosevelt ISD,911,Rural,100.0
Lubbock County,Shallowater ISD,1042,Rural,95.1
Lubbock County,Idalou ISD,1028,Rural,97.4
Lynn County,O'Donnell ISD,665,Non-metropolitan Stable,100.0
Lynn County,Tahoka ISD,883,Rural,96.8
Lynn County,New Home ISD,1157,Non-metropolitan Stable,97.6
Madison County,Madisonville CISD,932,Other Central City,100.0
Madison County,North Zulch ISD,882,Rural,88.5
Marion County,Jefferson ISD,NAN,Non-metropolitan Stable,97.5
Martin County,Stanton ISD,995,Other Central City Suburban,95.7
Martin County,Grady ISD,1150,Other Central City Suburban,97.4
Mason County,Mason ISD,949,Other Central City Suburban,95.3
Matagorda County,Bay City ISD,939,Other Central City Suburban,96.1
Matagorda County,Tidehaven ISD,1048,Other Central City Suburban,100.0
Matagorda County,Palacios ISD,915,Rural,100.0
Matagorda County,Van Vleck ISD,919,Rural,92.7
Maverick County,Eagle Pass ISD,872,Non-metropolitan Fast Growing,97.7
McCulloch County,Brady ISD,924,Rural,100.0
McCulloch County,Rochelle ISD,NAN,Non-metropolitan Stable,98.2
McCulloch County,Lohn ISD,840,Rural,82.2
McLennan County,Rapoport Academy Public School,1083,Non-metropolitan Stable,95.1
McLennan County,Harmony Science Acad (Waco),987,Other Central City Suburban,100.0
McLennan County,Crawford ISD,1079,Rural,97.3
McLennan County,Midway ISD,1022,Rural,96.1
McLennan County,La Vega ISD,800,Independent Town,94.7
McLennan County,Lorena ISD,996,Non-metropolitan Stable,92.9
McLennan County,Mart ISD,906,Rural,94.2
McLennan County,McGregor ISD,867,Non-metropolitan Stable,91.9
McLennan County,Moody ISD,1060,Non-metropolitan Stable,96.3
McLennan County,Riesel ISD,1028,Other Central City Suburban,92.9
McLennan County,Waco ISD,832,Non-metropolitan Stable,100.0
McLennan County,West ISD,1045,Rural,100.0
McLennan County,Axtell ISD,1015,Rural,98.6
McLennan County,Bruceville-Eddy ISD,918,Rural,83.7
McLennan County,China Spring ISD,1038,Other Central City Suburban,100.0
McLennan County,Connally ISD,911,Other Central City Suburban,72.9
McLennan County,Robinson ISD,988,Non-metropolitan Stable,89.9
McLennan County,Bosqueville ISD,989,Rural,97.6
McLennan County,Gholson ISD,924,Non-metropolitan Stable,95.2
McMullen County,McMullen County ISD,1016,Rural,97.6
Medina County,Devine ISD,915,Rural,96.8
Medina County,D'Hanis School,999,Other Central City,98.5
Medina County,Natalia ISD,871,Non-metropolitan Stable,100.0
Medina County,Hondo ISD,1071,Rural,97.4
Medina County,Medina Valley ISD,1028,Rural,100.0
Midland County,Midland ISD,988,Other Central City Suburban,100.0
Midland County,Greenwood ISD,964,Other Central City Suburban,100.0
Milam County,Cameron ISD,898,Other Central City Suburban,100.0
Milam County,Milano ISD,1044,Rural,98.7
Milam County,Rockdale ISD,895,Rural,68.8
Milam County,Thorndale ISD,924,Rural,94.9
Milam County,Buckholts ISD,1090,Rural,95.2
Mills County,Goldthwaite ISD,981,Non-metropolitan Stable,100.0
Mills County,Mullin ISD,NAN,Rural,100.0
Mills County,Priddy ISD,1050,Non-metropolitan Stable,91.8
Mitchell County,Colorado ISD,1040,Independent Town,90.6
Mitchell County,Westbrook ISD,NAN,Major Suburban,88.3
Montague County,Bowie ISD,907,Rural,98.5
Montague County,Nocona ISD,930,Other Central City,87.7
Montague County,Gold Burg ISD,1050,Other Central City Suburban,98.9
Montague County,Prairie Valley ISD,1113,Non-metropolitan Stable,100.0
Montague County,Forestburg ISD,NAN,Rural,83.3
Montague County,Saint Jo ISD,978,Rural,100.0
Montgomery County,Conroe ISD,1076,Non-metropolitan Stable,100.0
Montgomery County,Montgomery ISD,1034,Rural,98.2
Montgomery County,Willis ISD,940,Rural,99.6
Montgomery County,Magnolia ISD,1017,Rural,93.1
Montgomery County,Splendora ISD,948,Non-metropolitan Fast Growing,99.2
Montgomery County,New Caney ISD,927,Rural,97.9
Moore County,Dumas ISD,924,Non-metropolitan Stable,98.9
Moore County,Sunray ISD,1045,Rural,94.1
Morris County,Daingerfield-Lone Star ISD,790,Rural,95.7
Morris County,Pewitt CISD,1030,Non-metropolitan Stable,77.5
Motley County,Motley County ISD,967,Rural,96.9
Nacogdoches County,Chireno ISD,938,Rural,98.1
Nacogdoches County,Cushing ISD,986,Rural,85.9
Nacogdoches County,Garrison ISD,938,Rural,99.5
Nacogdoches County,Nacogdoches ISD,1005,Rural,91.5
Nacogdoches County,Woden ISD,1001,Rural,99.5
Nacogdoches County,Central Heights ISD,1052,Other Central City,100.0
Nacogdoches County,Martinsville ISD,NAN,Other Central City Suburban,100.0
Nacogdoches County,Douglass ISD,1008,Other Central City Suburban,100.0
Navarro County,Blooming Grove ISD,915,Other Central City Suburban,96.8
Navarro County,Corsicana ISD,898,Other Central City Suburban,90.0
Navarro County,Dawson ISD,925,Other Central City Suburban,86.7
Navarro County,Frost ISD,802,Non-metropolitan Stable,89.1
Navarro County,Kerens ISD,848,Rural,97.9
Navarro County,Mildred ISD,1076,Non-metropolitan Stable,94.7
Navarro County,Rice ISD,896,Non-metropolitan Stable,88.5
Newton County,Burkeville ISD,948,Rural,95.1
Newton County,Newton ISD,NAN,Rural,89.3
Newton County,Deweyville ISD,943,Rural,97.3
Nolan County,Roscoe Collegiate ISD,1000,Rural,94.4
Nolan County,Sweetwater ISD,1010,Independent Town,97.8
Nolan County,Blackwell CISD,NAN,Rural,100.0
Nolan County,Highland ISD,1118,Non-metropolitan Fast Growing,100.0
Nueces County,Bishop CISD,910,Rural,92.9
Nueces County,Calallen ISD,971,Rural,100.0
Nueces County,Corpus Christi ISD,909,Non-metropolitan Fast Growing,98.8
Nueces County,London ISD,1021,Independent Town,91.7
Nueces County,Port Aransas ISD,1024,Other Central City Suburban,93.8
Nueces County,Robstown ISD,928,Rural,95.3
Nueces County,Tuloso-Midway ISD,979,Non-metropolitan Fast Growing,95.8
Nueces County,Banquete ISD,1033,Rural,100.0
Nueces County,Flour Bluff ISD,1020,Rural,100.0
Nueces County,West Oso ISD,773,Rural,92.3
Ochiltree County,Perryton ISD,865,Rural,100.0
Oldham County,Boys Ranch ISD,945,Non-metropolitan Stable,94.3
Oldham County,Vega ISD,953,Rural,95.4
Orange County,Bridge City ISD,957,Non-metropolitan Fast Growing,90.6
Orange County,Orangefield ISD,994,Non-metropolitan Stable,95.1
Orange County,West Orange-Cove CISD,792,Rural,96.3
Orange County,Vidor ISD,955,Rural,91.0
Orange County,Little Cypress-Mauriceville CISD,976,Rural,97.6
Palo Pinto County,Gordon ISD,820,Non-metropolitan Stable,97.7
Palo Pinto County,Graford ISD,904,Non-metropolitan Stable,98.6
Palo Pinto County,Mineral Wells ISD,963,Other Central City,93.8
Palo Pinto County,Santo ISD,918,Rural,100.0
Palo Pinto County,Strawn ISD,1030,Non-metropolitan Fast Growing,100.0
Panola County,Panola Charter School,1076,Rural,96.0
Panola County,Beckville ISD,937,Non-metropolitan Stable,96.5
Panola County,Carthage ISD,1077,Other Central City Suburban,83.7
Panola County,Gary ISD,813,Non-metropolitan Stable,94.8
Parker County,Poolville ISD,922,Other Central City Suburban,93.9
Parker County,Springtown ISD,945,Other Central City Suburban,100.0
Parker County,Weatherford ISD,1000,Non-metropolitan Stable,96.7
Parker County,Millsap ISD,867,Rural,100.0
Parker County,Aledo ISD,1091,Rural,92.8
Parker County,Peaster ISD,1076,Rural,100.0
Parker County,Brock ISD,1048,Rural,100.0
Parmer County,Farwell ISD,NAN,Non-metropolitan Stable,97.5
Parmer County,Friona ISD,1080,Other Central City Suburban,100.0
Pecos County,Buena Vista ISD,936,Non-metropolitan Stable,94.5
Pecos County,Fort Stockton ISD,854,Other Central City Suburban,91.7
Pecos County,Iraan-Sheffield ISD,998,Independent Town,91.7
Polk County,Big Sandy ISD,853,Rural,94.9
Polk County,Goodrich ISD,870,Rural,100.0
Polk County,Corrigan-Camden ISD,864,Independent Town,90.3
Polk County,Leggett ISD,659,Rural,100.0
Polk County,Livingston ISD,906,Rural,100.0
Polk County,Onalaska ISD,943,Rural,35.7
Potter County,Amarillo ISD,865,Rural,100.0
Potter County,River Road ISD,1015,Non-metropolitan Stable,96.5
Potter County,Highland Park ISD,959,Rural,94.1
Potter County,Bushland ISD,1049,Rural,87.8
Presidio County,Marfa ISD,NAN,Other Central City Suburban,90.6
Presidio County,Presidio ISD,793,Other Central City,86.6
Rains County,Rains ISD,1029,Other Central City Suburban,98.7
Randall County,Canyon ISD,1035,Major Suburban,97.3
Reagan County,Reagan County ISD,1045,Other Central City Suburban,93.8
Real County,Big Springs Charter School,NAN,Other Central City Suburban,91.0
Real County,Leakey ISD,1160,Rural,91.1
Red River County,Rivercrest ISD,964,Rural,100.0
Red River County,Clarksville ISD,NAN,Rural,100.0
Red River County,Detroit ISD,NAN,Non-metropolitan Stable,100.0
Reeves County,Pecos-Barstow-Toyah ISD,839,Rural,90.5
Reeves County,Balmorhea ISD,935,Rural,95.9
Refugio County,Austwell-Tivoli ISD,1003,Non-metropolitan Stable,87.1
Refugio County,Woodsboro ISD,1010,Rural,91.0
Refugio County,Refugio ISD,990,Rural,95.9
Robertson County,Bremond ISD,907,Rural,100.0
Robertson County,Franklin ISD,965,Non-metropolitan Stable,100.0
Robertson County,Hearne ISD,795,Rural,94.6
Robertson County,Mumford ISD,1036,Independent Town,97.2
Rockwall County,Rockwall ISD,1052,Non-metropolitan Stable,92.3
Rockwall County,Royse City ISD,949,Other Central City,93.5
Runnels County,Ballinger ISD,1060,Other Central City Suburban,100.0
Runnels County,Miles ISD,1080,Rural,86.1
Runnels County,Winters ISD,904,Other Central City Suburban,88.9
Rusk County,Henderson ISD,1013,Rural,77.1
Rusk County,Overton ISD,837,Non-metropolitan Stable,100.0
Rusk County,Tatum ISD,919,Non-metropolitan Stable,93.1
Rusk County,Carlisle ISD,969,Other Central City,99.0
Rusk County,West Rusk County Consolidated ISD,874,Other Central City Suburban,100.0
Sabine County,Hemphill ISD,1046,Rural,97.9
Sabine County,West Sabine ISD,789,Rural,98.2
San Augustine County,San Augustine ISD,864,Rural,98.9
San Augustine County,Broaddus ISD,927,Rural,100.0
San Jacinto County,Coldspring-Oakhurst CISD,884,Rural,92.5
San Jacinto County,Shepherd ISD,929,Non-metropolitan Stable,100.0
San Patricio County,Aransas Pass ISD,912,Rural,100.0
San Patricio County,Gregory-Portland ISD,988,Rural,100.0
San Patricio County,Ingleside ISD,862,Rural,93.8
San Patricio County,Mathis ISD,895,Rural,93.5
San Patricio County,Odem-Edroy ISD,927,Rural,97.4
San Patricio County,Sinton ISD,886,Rural,100.0
San Patricio County,Taft ISD,990,Rural,94.4
San Saba County,San Saba ISD,993,Other Central City Suburban,91.7
San Saba County,Richland Springs ISD,955,Other Central City Suburban,90.1
San Saba County,Cherokee ISD,1005,Rural,95.1
Schleicher County,Schleicher ISD,915,Other Central City Suburban,92.8
Scurry County,Snyder ISD,792,Other Central City Suburban,97.7
Shackelford County,Albany ISD,972,Non-metropolitan Stable,100.0
Shackelford County,Moran ISD,1003,Rural,100.0
Shelby County,Center ISD,883,Rural,92.0
Shelby County,Tenaha ISD,812,Rural,94.1
Smith County,Arp ISD,988,Independent Town,92.0
Smith County,Bullard ISD,992,Rural,97.2
Smith County,Lindale ISD,1000,Rural,97.1
Smith County,Troup ISD,990,Rural,50.0
Smith County,Tyler ISD,944,Rural,86.7
Smith County,Whitehouse ISD,1021,Other Central City Suburban,100.0
Smith County,Chapel Hill ISD,852,Rural,100.0
Smith County,Winona ISD,840,Non-metropolitan Stable,97.3
Somervell County,Brazos River Charter School,840,Non-metropolitan Stable,92.7
Somervell County,Glen Rose ISD,1003,Rural,96.4
Starr County,Rio Grande City CISD,860,Rural,100.0
Starr County,San Isidro ISD,NAN,Rural,100.0
Starr County,Roma ISD,1025,Independent Town,100.0
Stephens County,Breckenridge ISD,946,Independent Town,93.4
Sutton County,Sonora ISD,920,Other Central City Suburban,100.0
Swisher County,Tulia ISD,1113,Other Central City Suburban,100.0
Tarrant County,The Oakridge School,1203,Other Central City Suburban,93.3
Tarrant County,Gateway School,NAN,Non-metropolitan Stable,94.9
Tarrant County,Treetops School International,1087,Non-metropolitan Stable,97.9
Tarrant County,Fort Worth Academy Of Fine Arts,1084,Independent Town,100.0
Tarrant County,Westlake Academy Charter School,1164,Other Central City Suburban,97.3
Tarrant County,Uplift Education-Summit Internatio,1022,Rural,94.0
Tarrant County,Newman International Academy Of Ar,905,Rural,98.7
Tarrant County,Prime Prep Academy,765,Rural,100.0
Tarrant County,Arlington ISD,949,Rural,97.1
Tarrant County,Birdville ISD,985,Rural,95.5
Tarrant County,Everman ISD,829,Non-metropolitan Stable,87.5
Tarrant County,Fort Worth ISD,821,Rural,100.0
Tarrant County,Grapevine-Colleyville ISD,1102,Rural,96.2
Tarrant County,Keller ISD,1037,Rural,88.6
Tarrant County,Mansfield ISD,983,Non-metropolitan Stable,89.3
Tarrant County,Lake Worth ISD,877,Rural,98.2
Tarrant County,Crowley ISD,898,Rural,98.4
Tarrant County,Kennedale ISD,961,Rural,89.3
Tarrant County,Azle ISD,970,Rural,96.2
Tarrant County,Hurst-Euless-Bedford ISD,1008,Rural,95.7
Tarrant County,Castleberry ISD,886,Rural,97.0
Tarrant County,Eagle Mt-Saginaw ISD,978,Rural,97.2
Tarrant County,Carroll ISD,1187,Rural,84.7
Tarrant County,White Settlement ISD,925,Other Central City Suburban,93.0
Taylor County,Texas College Preparatory Academie,1052,Other Central City Suburban,93.3
Taylor County,Abilene ISD,963,Non-metropolitan Stable,95.6
Taylor County,Merkel ISD,946,Other Central City,87.4
Taylor County,Jim Ned CISD,1044,Other Central City Suburban,100.0
Taylor County,Wylie ISD,1084,Other Central City Suburban,96.9
Terrell County,Terrell County ISD,NAN,Other Central City Suburban,92.9
Terry County,Brownfield ISD,794,Non-metropolitan Stable,100.0
Terry County,Meadow ISD,960,Other Central City Suburban,100.0
Terry County,Wellman-Union CISD,957,Rural,90.0
Throckmorton County,Throckmorton ISD,923,Independent Town,97.7
Titus County,Mount Pleasant ISD,882,Non-metropolitan Stable,100.0
Titus County,Chapel Hill ISD,993,Non-metropolitan Fast Growing,93.4
Tom Green County,Texas Leadership,1018,Rural,100.0
Tom Green County,Christoval ISD,1107,Non-metropolitan Stable,94.4
Tom Green County,San Angelo ISD,977,Rural,80.0
Tom Green County,Water Valley ISD,1023,Non-metropolitan Stable,90.4
Tom Green County,Wall ISD,1042,Rural,93.5
Tom Green County,Grape Creek ISD,899,Major Urban,100.0
Tom Green County,Veribest ISD,1002,Major Suburban,97.0
Travis County,University Of Texas At Austin H S,1118,Major Suburban,100.0
Travis County,Nyos Charter School,1045,Major Urban,95.8
Travis County,University Of Texas University Cha,990,Major Suburban,94.8
Travis County,Chaparral Star Academy,1151,Major Suburban,97.7
Travis County,Harmony Science Academy (Austin),976,Major Suburban,97.8
Travis County,Kipp Austin Public Schools Inc,NAN,Major Suburban,97.3
Travis County,Austin ISD,1025,Major Suburban,89.9
Travis County,Pflugerville ISD,959,Major Suburban,95.2
Travis County,Manor ISD,839,Major Suburban,87.3
Travis County,Eanes ISD,1210,Major Suburban,88.7
Travis County,Del Valle ISD,877,Major Suburban,70.6
Travis County,Lago Vista ISD,1049,Major Suburban,98.3
Travis County,Lake Travis ISD,1107,Major Suburban,95.7
Trinity County,Groveton ISD,961,Major Suburban,100.0
Trinity County,Trinity ISD,838,Other Central City,89.3
Trinity County,Centerville ISD,968,Other Central City Suburban,91.9
Trinity County,Apple Springs ISD,907,Rural,95.2
Tyler County,Colmesneil ISD,964,Non-metropolitan Stable,95.7
Tyler County,Woodville ISD,912,Other Central City Suburban,95.0
Tyler County,Warren ISD,960,Rural,94.4
Tyler County,Spurger ISD,996,Non-metropolitan Stable,85.1
Tyler County,Chester ISD,NAN,Rural,100.0
Upshur County,Big Sandy ISD,981,Rural,87.5
Upshur County,Gilmer ISD,891,Rural,100.0
Upshur County,Ore City ISD,1057,Rural,98.4
Upshur County,Union Hill ISD,NAN,Independent Town,84.1
Upshur County,Harmony ISD,954,Rural,92.2
Upshur County,New Diana ISD,959,Non-metropolitan Stable,92.5
Upshur County,Union Grove ISD,947,Non-metropolitan Fast Growing,85.1
Upton County,Rankin ISD,1055,Rural,97.0
Uvalde County,Knippa ISD,1038,Other Central City,96.0
Uvalde County,Sabinal ISD,870,Rural,94.5
Uvalde County,Uvalde CISD,843,Other Central City Suburban,97.5
Uvalde County,Utopia ISD,994,Other Central City Suburban,93.7
Val Verde County,San Felipe-Del Rio CISD,921,Rural,94.7
Val Verde County,Comstock ISD,1084,Major Urban,96.4
Van Zandt County,Ranch Academy,958,Major Suburban,95.9
Van Zandt County,Canton ISD,1034,Major Suburban,92.9
Van Zandt County,Edgewood ISD,975,Major Suburban,95.1
Van Zandt County,Grand Saline ISD,927,Major Suburban,99.0
Van Zandt County,Martins Mill ISD,1027,Non-metropolitan Stable,92.7
Van Zandt County,Van ISD,987,Major Suburban,62.6
Van Zandt County,Wills Point ISD,991,Rural,95.6
Van Zandt County,Fruitvale ISD,NAN,Non-metropolitan Stable,88.5
Victoria County,Bloomington ISD,864,Rural,100.0
Victoria County,Victoria ISD,943,Rural,97.7
Walker County,Raven School,953,Rural,98.3
Walker County,New Waverly ISD,902,Non-metropolitan Stable,90.0
Walker County,Huntsville ISD,942,Non-metropolitan Stable,91.4
Waller County,Hempstead ISD,790,Rural,100.0
Waller County,Waller ISD,929,Rural,100.0
Waller County,Royal ISD,797,Rural,92.3
Ward County,Monahans-Wickett-Pyote ISD,1030,Other Central City Suburban,100.0
Ward County,Grandfalls-Royalty ISD,900,Non-metropolitan Stable,99.1
Washington County,Brenham ISD,1016,Rural,90.8
Washington County,Burton ISD,958,Independent Town,100.0
Webb County,Texas A&M International University,1020,Other Central City Suburban,100.0
Webb County,Gateway Academy Charter District,748,Rural,92.1
Webb County,Laredo ISD,817,Rural,88.5
Webb County,United ISD,894,Rural,97.4
Webb County,Webb CISD,861,Non-metropolitan Fast Growing,94.9
Wharton County,Boling ISD,1018,Rural,95.2
Wharton County,East Bernard ISD,1007,Independent Town,98.0
Wharton County,El Campo ISD,942,Rural,32.1
Wharton County,Wharton ISD,960,Independent Town,93.8
Wharton County,Louise ISD,890,Rural,98.0
Wheeler County,Kelton ISD,NAN,Independent Town,92.5
Wichita County,Bright Ideas Charter,768,Non-metropolitan Stable,93.6
Wichita County,Burkburnett ISD,1023,Non-metropolitan Stable,97.3
Wichita County,Electra ISD,863,Rural,90.8
Wichita County,Iowa Park CISD,1009,Other Central City Suburban,98.0
Wichita County,Wichita Falls ISD,971,Other Central City Suburban,92.2
Wichita County,City View ISD,941,Rural,92.4
Wilbarger County,Vernon ISD,1039,Non-metropolitan Stable,94.6
Willacy County,Lasara ISD,917,Independent Town,89.6
Willacy County,Lyford CISD,901,Rural,88.9
Willacy County,Raymondville ISD,795,Non-metropolitan Stable,100.0
Willacy County,San Perlita ISD,842,Independent Town,100.0
Williamson County,Meridian World School Llc,NAN,Non-metropolitan Stable,90.6
Williamson County,Florence ISD,967,Independent Town,93.8
Williamson County,Georgetown ISD,1047,Other Central City Suburban,90.4
Williamson County,Granger ISD,978,Other Central City Suburban,96.0
Williamson County,Hutto ISD,940,Rural,100.0
Williamson County,Jarrell ISD,1012,Independent Town,95.3
Williamson County,Liberty Hill ISD,1041,Rural,96.4
Williamson County,Round Rock ISD,1090,Other Central City Suburban,95.3
Williamson County,Taylor ISD,945,Other Central City,88.9
Williamson County,Thrall ISD,926,Rural,98.6
Williamson County,Leander ISD,1087,Other Central City Suburban,97.0
Wilson County,Floresville ISD,992,Other Central City Suburban,97.7
Wilson County,La Vernia ISD,978,Independent Town,94.1
Wilson County,Poth ISD,935,Non-metropolitan Stable,100.0
Wilson County,Stockdale ISD,884,Rural,90.9
Wise County,Alvord ISD,974,Non-metropolitan Fast Growing,90.2
Wise County,Boyd ISD,934,Rural,77.7
Wise County,Bridgeport ISD,955,Rural,100.0
Wise County,Chico ISD,894,Rural,86.5
Wise County,Decatur ISD,979,Other Central City Suburban,100.0
Wise County,Paradise ISD,984,Rural,61.7
Wise County,Slidell ISD,995,Other Central City Suburban,99.2
Wood County,Hawkins ISD,876,Other Central City,96.9
Wood County,Mineola ISD,920,Other Central City Suburban,86.3
Wood County,Quitman ISD,968,Rural,100.0
Wood County,Yantis ISD,983,Non-metropolitan Stable,97.8
Wood County,Alba-Golden ISD,912,Rural,94.7
Wood County,Winnsboro ISD,1075,Rural,96.8
Yoakum County,Denver City ISD,865,Non-metropolitan Stable,85.5
Yoakum County,Plains ISD,1193,Other Central City Suburban,85.2
Young County,Graham ISD,1003,Rural,11.3
Young County,Newcastle ISD,NAN,Non-metropolitan Stable,96.8
Zapata County,Zapata County ISD,917,Other Central City,86.8
Zavala County,Crystal City ISD,926,Rural,90.6
Zavala County,La Pryor ISD,670,Other Central City Suburban,97.4
,,,,
,,,,
,,,,
,,,,
,,,,
,,,,
,,,,
,,,,
,,,,
,,,,
,,,,
,,,,
,,,,
,,,,
,,,,
,,,,
,,,,
,,,,
,,,,
,,,,
,,,,
,,,,
,,,,
,,,,
,,,,
,,,,
,,,,
,,,,
,,,,
,,,,
,,,,
,,,,
,,,,
,,,,
,,,,
,,,,
,,,,
,,,,
,,,,
,,,,
,,,,
,,,,
,,,,
,,,,
,,,,
,,,,
,,,,
,,,,
,,,,
,,,,
,,,,
,,,,
,,,,
,,,,
,,,,
,,,,
,,,,
,,,,
,,,,
,,,,
,,,,
,,,,
,,,,
,,,,
,,,,
,,,,
,,,,
,,,,
,,,,
,,,,
,,,,
,,,,
,,,,
,,,,
,,,,
,,,,
,,,,
,,,,
,,,,
,,,,
,,,,
,,,,
,,,,
,,,,
,,,,
,,,,
,,,,
,,,,
,,,,
,,,,
,,,,
,,,,
,,,,
,,,,
,,,,
,,,,
,,,,
,,,,
,,,,
,,,,
,,,,
,,,,
,,,,
,,,,
,,,,
,,,,
,,,,
,,,,
,,,,
,,,,
,,,,
,,,,
,,,,
,,,,
,,,,
,,,,
,,,,
,,,,
,,,,
,,,,
,,,,
,,,,
,,,,
,,,,
,,,,
,,,,
,,,,
,,,,
,,,,
,,,,
,,,,
,,,,
,,,,
,,,,
,,,,
,,,,
,,,,
,,,,
,,,,
,,,,
,,,,
,,,,
,,,,
,,,,
,,,,
,,,,
,,,,
,,,,
,,,,
,,,,
,,,,
,,,,
,,,,
,,,,
,,,,
,,,,
,,,,
,,,,
,,,,
,,,,
,,,,
,,,,
,,,,
,,,,
,,,,
,,,,
,,,,
,,,,
,,,,
,,,,
,,,,
,,,,
,,,,
,,,,
,,,,
,,,,
,,,,
,,,,
,,,,
,,,,
,,,,
,,,,
,,,,
,,,,
,,,,
,,,,
,,,,
,,,,
,,,,
,,,,
,,,,
,,,,
,,,,
,,,,
,,,,
,,,,
,,,,
,,,,
,,,,
,,,,
,,,,
,,,,
,,,,
,,,,
,,,,
,,,,
,,,,
,,,,
,,,,
,,,,
,,,,
,,,,
,,,,
,,,,
,,,,
,,,,
,,,,
,,,,
,,,,
,,,,
,,,,
,,,,
,,,,
,,,,
,,,,
,,,,
,,,,
,,,,
,,,,
,,,,
,,,,
,,,,
,,,,
,,,,
,,,,
,,,,
,,,,
,,,,
,,,,
,,,,
,,,,
,,,,
,,,,
,,,,
,,,,
,,,,
,,,,
,,,,
,,,,
,,,,
,,,,
,,,,
,,,,
,,,,
,,,,
,,,,
,,,,
,,,,
,,,,
,,,,
,,,,
,,,,
,,,,
,,,,
,,,,
,,,,
,,,,
,,,,
,,,,
,,,,
,,,,
,,,,
,,,,
,,,,
,,,,
,,,,
,,,,
,,,,
,,,,
,,,,
,,,,
,,,,
,,,,
,,,,
,,,,
,,,,
,,,,
,,,,
,,,,
,,,,
,,,,
,,,,
,,,,
,,,,
,,,,
,,,,
,,,,
,,,,
,,,,
,,,,
,,,,
,,,,
,,,,
,,,,
,,,,
,,,,
,,,,
,,,,
,,,,
,,,,
,,,,
,,,,
,,,,
,,,,
,,,,
,,,,
,,,,
,,,,
,,,,
,,,,
,,,,
,,,,
,,,,
,,,,
,,,,
,,,,
,,,,
,,,,
,,,,
,,,,
,,,,
,,,,
,,,,
,,,,
,,,,
,,,,
,,,,
,,,,
,,,,
,,,,
,,,,
,,,,
,,,,
,,,,
,,,,
,,,,
,,,,
,,,,
,,,,
,,,,
,,,,
,,,,
,,,,
,,,,
,,,,
,,,,
,,,,
,,,,
,,,,
,,,,
,,,,
,,,,
,,,,
,,,,
,,,,
,,,,
,,,,
,,,,
,,,,
,,,,
,,,,
,,,,
,,,,
,,,,
,,,,
,,,,
,,,,
,,,,
,,,,
,,,,
,,,,
,,,,
,,,,
,,,,
,,,,
,,,,
,,,,
,,,,
,,,,
,,,,
,,,,
,,,,
,,,,
,,,,
,,,,
,,,,
,,,,
,,,,
,,,,
,,,,
,,,,
,,,,
,,,,
,,,,
,,,,
,,,,
,,,,
,,,,
,,,,
,,,,
,,,,
,,,,
,,,,
,,,,
,,,,
,,,,
,,,,
,,,,
,,,,
,,,,
,,,,
,,,,
,,,,
,,,,
,,,,
,,,,
,,,,
,,,,
,,,,
,,,,
,,,,
,,,,
,,,,
,,,,
,,,,
,,,,
,,,,
,,,,
,,,,
,,,,
,,,,
,,,,
,,,,
,,,,
,,,,
,,,,
,,,,
,,,,
,,,,
,,,,
,,,,
,,,,
,,,,
,,,,
,,,,
,,,,
,,,,
,,,,
,,,,
,,,,
,,,,
,,,,
,,,,
,,,,
,,,,
,,,,
,,,,
,,,,
,,,,
,,,,
,,,,
,,,,
,,,,
,,,,
,,,,
,,,,
,,,,
,,,,
,,,,
,,,,
,,,,
,,,,
,,,,
,,,,
,,,,
,,,,
,,,,
,,,,
,,,,
,,,,
,,,,
,,,,
,,,,
,,,,
,,,,
,,,,
,,,,
,,,,
,,,,
,,,,
,,,,
,,,,
,,,,
,,,,
,,,,
,,,,
,,,,
,,,,
,,,,
,,,,
,,,,
,,,,
,,,,
,,,,
,,,,
,,,,
,,,,
,,,,
,,,,
,,,,
,,,,
,,,,
,,,,
,,,,
,,,,
,,,,
,,,,
,,,,
,,,,
,,,,
,,,,
,,,,
,,,,
,,,,
,,,,
,,,,
,,,,
,,,,
,,,,
,,,,
,,,,
,,,,
,,,,
,,,,
,,,,
,,,,
,,,,
,,,,
,,,,
,,,,
,,,,
,,,,
,,,,
,,,,
,,,,
,,,,
,,,,
,,,,
,,,,
,,,,
,,,,
,,,,
,,,,
,,,,
,,,,
,,,,
,,,,
,,,,
,,,,
,,,,
,,,,
,,,,
,,,,
,,,,
,,,,
,,,,
,,,,
,,,,
,,,,
,,,,
,,,,
,,,,
,,,,
,,,,
,,,,
,,,,
,,,,
,,,,
,,,,
,,,,
,,,,
,,,,
,,,,
,,,,
,,,,
,,,,
,,,,
,,,,
,,,,
,,,,
,,,,
,,,,
,,,,
,,,,
,,,,
,,,,
,,,,
,,,,
,,,,
,,,,
,,,,
,,,,
,,,,
,,,,
,,,,
,,,,
,,,,
,,,,
,,,,
,,,,
,,,,
,,,,
,,,,
,,,,
,,,,
,,,,
,,,,
,,,,
,,,,
,,,,
,,,,
,,,,
,,,,
,,,,
,,,,
,,,,
,,,,
,,,,
,,,,
,,,,
,,,,
,,,,
,,,,
,,,,
,,,,
,,,,
,,,,
,,,,
,,,,
,,,,
,,,,
,,,,
,,,,
,,,,
,,,,
,,,,
,,,,
,,,,
,,,,
,,,,
,,,,
,,,,
,,,,
,,,,
,,,,
,,,,
,,,,
,,,,
,,,,
,,,,
,,,,
,,,,
,,,,
,,,,
,,,,
,,,,
,,,,
,,,,
,,,,
,,,,
,,,,
,,,,
,,,,
,,,,
,,,,
,,,,
,,,,
,,,,
,,,,
,,,,
,,,,
,,,,
,,,,
,,,,
,,,,
,,,,
,,,,
,,,,
,,,,
,,,,
,,,,
,,,,
,,,,
,,,,
,,,,
,,,,
,,,,
,,,,
,,,,
,,,,
,,,,
,,,,
,,,,
,,,,
,,,,
,,,,
,,,,
,,,,
,,,,
,,,,
,,,,
,,,,
,,,,
,,,,
,,,,
,,,,
,,,,
,,,,
,,,,
,,,,
,,,,
,,,,
,,,,
,,,,
,,,,
,,,,
,,,,
,,,,
,,,,
,,,,
,,,,
,,,,
,,,,
,,,,
,,,,
,,,,
,,,,
,,,,
,,,,
,,,,
,,,,
,,,,
,,,,
,,,,
,,,,
,,,,
,,,,
,,,,
,,,,
,,,,
,,,,
,,,,
,,,,
,,,,
,,,,
,,,,
,,,,
,,,,
,,,,
,,,,
,,,,
,,,,
,,,,
,,,,
,,,,
,,,,
,,,,
,,,,
,,,,
,,,,
,,,,
,,,,
,,,,
,,,,
,,,,
,,,,
,,,,
,,,,
,,,,
,,,,
,,,,
,,,,
,,,,
,,,,
,,,,
,,,,
,,,,
,,,,
,,,,
,,,,
,,,,
,,,,
,,,,
,,,,
,,,,
,,,,
,,,,
,,,,
,,,,
,,,,
,,,,
,,,,
,,,,
,,,,
,,,,
,,,,
,,,,
,,,,
,,,,
,,,,
,,,,
,,,,
,,,,
,,,,
,,,,
,,,,
,,,,
,,,,
,,,,
,,,,
,,,,
,,,,
,,,,
,,,,
,,,,
,,,,
,,,,
,,,,
,,,,
,,,,
,,,,
,,,,
,,,,
,,,,
,,,,
,,,,
,,,,
,,,,
,,,,
,,,,
,,,,
,,,,
,,,,
,,,,
,,,,
,,,,
,,,,
,,,,
,,,,
,,,,
,,,,
,,,,
,,,,
,,,,
,,,,
,,,,
,,,,
,,,,
,,,,
,,,,
,,,,
,,,,
,,,,
,,,,
,,,,
,,,,
,,,,
,,,,
,,,,
,,,,
,,,,
,,,,
,,,,
,,,,
,,,,
,,,,
,,,,
,,,,
,,,,
,,,,
,,,,
,,,,
,,,,
,,,,
,,,,
,,,,
,,,,
,,,,
,,,,
,,,,
,,,,
,,,,
,,,,
,,,,
,,,,
,,,,
,,,,
,,,,
,,,,
,,,,
,,,,
,,,,
,,,,
,,,,
,,,,
,,,,
,,,,
,,,,
,,,,
,,,,
,,,,
,,,,
,,,,
,,,,
,,,,
,,,,
,,,,
,,,,
,,,,
,,,,
,,,,
,,,,
,,,,
,,,,
,,,,
,,,,
,,,,
,,,,
,,,,
,,,,
,,,,
,,,,
,,,,
,,,,
,,,,
,,,,
,,,,
,,,,
,,,,
,,,,
,,,,
,,,,
,,,,
,,,,
,,,,
,,,,
,,,,
,,,,
,,,,
,,,,
,,,,
,,,,
,,,,
,,,,
,,,,
,,,,
,,,,
,,,,
,,,,
,,,,
,,,,
,,,,
,,,,
,,,,
,,,,
,,,,
,,,,
,,,,
,,,,
,,,,
,,,,
,,,,
,,,,
,,,,
,,,,
,,,,
,,,,
,,,,
,,,,
,,,,
,,,,
,,,,
,,,,
,,,,
,,,,
,,,,
,,,,
,,,,
,,,,
,,,,
,,,,
,,,,
,,,,
,,,,
,,,,
,,,,
,,,,
,,,,
,,,,
,,,,
,,,,
,,,,
,,,,
,,,,
,,,,
,,,,
,,,,
,,,,
,,,,
,,,,
,,,,
,,,,
,,,,
,,,,
,,,,
,,,,
,,,,
,,,,
,,,,
,,,,
,,,,
,,,,
,,,,
,,,,
,,,,
,,,,
,,,,
,,,,
,,,,
,,,,
,,,,
,,,,
,,,,
,,,,
,,,,
,,,,
,,,,
,,,,
,,,,
,,,,
,,,,
,,,,
,,,,
,,,,
,,,,
,,,,
,,,,
,,,,
,,,,
,,,,
,,,,
,,,,
,,,,
,,,,
,,,,
,,,,
,,,,
,,,,
,,,,
,,,,
,,,,
,,,,
,,,,
,,,,
,,,,
,,,,
,,,,
,,,,
,,,,
,,,,
,,,,
,,,,
,,,,
,,,,
,,,,
,,,,
,,,,
,,,,
,,,,
,,,,
,,,,
,,,,
,,,,
,,,,
,,,,
,,,,
,,,,
,,,,
,,,,
,,,,
,,,,
,,,,
,,,,
,,,,
,,,,
,,,,
,,,,
,,,,
,,,,
,,,,
,,,,
,,,,
,,,,
,,,,
,,,,
,,,,
,,,,